trial,year,variety_type,state ,trial_loc,treat,treat_code,defol_perc,yield
1,1990,Runner,Oklahoma,Plat,1,BR,0,2196
1,1990,Runner,Oklahoma,Plat,2,BR,0,2559
1,1990,Runner,Oklahoma,Plat,3,UTC,24.8,2341
2,1991,Runner,Oklahoma,Plat,1,BR,10,3829
2,1991,Runner,Oklahoma,Plat,2,BR,18.7,3521
2,1991,Runner,Oklahoma,Plat,3,UTC,93.5,2087
3,1991,Runner,Oklahoma,FC,1,BR,0,2305
3,1991,Runner,Oklahoma,FC,2,BR,0,1924
3,1991,Runner,Oklahoma,FC,3,FO,0,2686
3,1991,Runner,Oklahoma,FC,4,UTC,0,2468
4,1991,Runner,Oklahoma,Burney,1,BR,0,4462
4,1991,Runner,Oklahoma,Burney,2,BR,0.8,4265
4,1991,Runner,Oklahoma,Burney,3,FO,0.2,4613
4,1991,Runner,Oklahoma,Burney,4,UTC,63.5,3373
5,1991,Runner,Oklahoma,Wet,1,BR,0,5325
5,1991,Runner,Oklahoma,Wet,2,BR,0,4799
5,1991,Runner,Oklahoma,Wet,3,FO,0,5456
5,1991,Runner,Oklahoma,Wet,4,FO,0.1,5245
5,1991,Runner,Oklahoma,Wet,5,UTC,73.3,4465
6,1991,Runner,Oklahoma,Perk,1,BR,0,4193
6,1991,Runner,Oklahoma,Perk,2,BR,0,4102
6,1991,Runner,Oklahoma,Perk,3,BR,3.1,4265
6,1991,Runner,Oklahoma,Perk,4,FO,0.4,4392
6,1991,Runner,Oklahoma,Perk,5,BR,0,4229
6,1991,Runner,Oklahoma,Perk,6,BR,2.9,4102
6,1991,Runner,Oklahoma,Perk,7,BR,1.2,4029
6,1991,Runner,Oklahoma,Perk,8,BR,1.5,4229
6,1991,Runner,Oklahoma,Perk,9,UTC,14.2,3956
7,1992,Runner,Oklahoma,Burney,1,UTC,44,1679
7,1992,Runner,Oklahoma,Burney,2,BR,0,3872
7,1992,Runner,Oklahoma,Burney,3,BR,5,3569
7,1992,Runner,Oklahoma,Burney,4,TI,0,3826
7,1992,Runner,Oklahoma,Burney,5,FO,0,4099
7,1992,Runner,Oklahoma,Burney,6,TO+D,18,2813
7,1992,Runner,Oklahoma,Burney,7,BE+D,12,2949
8,1993,Runner,Oklahoma,NF,1,BR,0,2858
8,1993,Runner,Oklahoma,NF,2,BR,10,3206
8,1993,Runner,Oklahoma,NF,3,TI,5,2631
8,1993,Runner,Oklahoma,NF,4,FO,2,2895
8,1993,Runner,Oklahoma,NF,5,TER,4,2873
8,1993,Runner,Oklahoma,NF,6,UTC,46,2601
9,1993,Runner,Oklahoma,PERK,1,BR,1,3267
9,1993,Runner,Oklahoma,PERK,2,BR,13.1,3594
9,1993,Runner,Oklahoma,PERK,3,BR,14.9,3434
9,1993,Runner,Oklahoma,PERK,4,BR,2.7,3775
9,1993,Runner,Oklahoma,PERK,5,BR,3,3870
9,1993,Runner,Oklahoma,PERK,6,BR,5.2,3630
9,1993,Runner,Oklahoma,PERK,7,BR,6.8,3485
9,1993,Runner,Oklahoma,PERK,8,BR,9,3732
9,1993,Runner,Oklahoma,PERK,9,BR,11.1,3499
9,1993,Runner,Oklahoma,PERK,10,UTC,16.3,3499
10,1993,Runner,Oklahoma,PERK1,1,BR,0.9,2824
10,1993,Runner,Oklahoma,PERK1,2,BR,11.8,2998
10,1993,Runner,Oklahoma,PERK1,3,BR,15.5,3144
10,1993,Runner,Oklahoma,PERK1,4,BR,2.2,3049
10,1993,Runner,Oklahoma,PERK1,5,BR,2,3398
10,1993,Runner,Oklahoma,PERK1,6,BR,4.5,3158
10,1993,Runner,Oklahoma,PERK1,7,BR,6.9,3282
10,1993,Runner,Oklahoma,PERK1,8,BR,7.4,2875
10,1993,Runner,Oklahoma,PERK1,9,BR,12.4,3565
10,1993,Runner,Oklahoma,PERK1,10,UTC,15.1,2723
11,1994,Runner,Oklahoma,CAL,1,BR,0,3775
11,1994,Runner,Oklahoma,CAL,2,BR,26,3659
11,1994,Runner,Oklahoma,CAL,3,TI,4,3804
11,1994,Runner,Oklahoma,CAL,4,FO,1,4087
11,1994,Runner,Oklahoma,CAL,5,UTC,49,3282
12,1995,Runner,Oklahoma,HC,1,BR,1,3721
12,1995,Runner,Oklahoma,HC,2,TI+BR,1,3983
12,1995,Runner,Oklahoma,HC,3,TI+BR,1,4337
12,1995,Runner,Oklahoma,HC,4,K,4.3,4056
12,1995,Runner,Oklahoma,HC,5,D+LA,27.5,3939
12,1995,Runner,Oklahoma,HC,6,FO+BR,1,4320
12,1995,Runner,Oklahoma,HC,7,FO+BR,1,4574
12,1995,Runner,Oklahoma,HC,8,UTC,56.3,3557
12,1995,Runner,Oklahoma,HC,9,FO+BR,2,4220
12,1995,Runner,Oklahoma,HC,10,TI+BR,5.3,4283
13,2002,Runner,Oklahoma,MF,1,H/BR,1.3,5781
13,2002,Runner,Oklahoma,MF,2,BR+MO,62.5,4347
13,2002,Runner,Oklahoma,MF,3,BR/FO,0,5391
13,2002,Runner,Oklahoma,MF,4,FO,50,5028
13,2002,Runner,Oklahoma,MF,5,A,37.5,5191
13,2002,Runner,Oklahoma,MF,6,A,50,5137
13,2002,Runner,Oklahoma,MF,7,UTC,57.5,4302
14,2004,Runner,Oklahoma,ERICK,1,TB,15,4552
14,2004,Runner,Oklahoma,ERICK,2,USF2010,13.7,4828
14,2004,Runner,Oklahoma,ERICK,3,TB/H,7.1,5743
14,2004,Runner,Oklahoma,ERICK,4,FO/H,5.8,5104
14,2004,Runner,Oklahoma,ERICK,5,TB,17.5,4792
14,2004,Runner,Oklahoma,ERICK,6,TB/H,8.8,5067
14,2004,Runner,Oklahoma,ERICK,7,BRU,17.5,5133
14,2004,Runner,Oklahoma,ERICK,8,USF2010,10.3,5075
14,2004,Runner,Oklahoma,ERICK,9,ST,17.1,4966
14,2004,Runner,Oklahoma,ERICK,10,JAU6476,12.1,4668
14,2004,Runner,Oklahoma,ERICK,11,UTC,73.7,4262
15,2005,Runner,Oklahoma,ERICK,1,TB,13.7,3499
15,2005,Runner,Oklahoma,ERICK,2,H/TB,6.6,3586
15,2005,Runner,Oklahoma,ERICK,3,H/TB,3.7,3935
15,2005,Runner,Oklahoma,ERICK,4,BRU/FO/A,5,3928
15,2005,Runner,Oklahoma,ERICK,5,BRU/FO/H,1.6,3826
15,2005,Runner,Oklahoma,ERICK,6,BRU/FO/H,3.3,3644
15,2005,Runner,Oklahoma,ERICK,7,TB,27.1,3477
15,2005,Runner,Oklahoma,ERICK,8,H/TB,2.2,3492
15,2005,Runner,Oklahoma,ERICK,9,H/TB,7.5,3521
15,2005,Runner,Oklahoma,ERICK,10,UTC,80.8,2955
16,1990,Spanish,Oklahoma,Perk,1,TE,8.2,2850
16,1990,Spanish,Oklahoma,Perk,2,TE,11.1,3176
16,1990,Spanish,Oklahoma,Perk,3,TE,52.7,2958
16,1990,Spanish,Oklahoma,Perk,4,TE,39.6,3376
16,1990,Spanish,Oklahoma,Perk,5,UTC,91.5,2396
17,1991,Spanish,Oklahoma,Plat,1,BR,0,3049
17,1991,Spanish,Oklahoma,Plat,2,BR,0,3303
17,1991,Spanish,Oklahoma,Plat,3,UTC,13.5,2922
18,1991,Spanish,Oklahoma,FC,1,BR,0,3502
18,1991,Spanish,Oklahoma,FC,2,BR,0,3448
18,1991,Spanish,Oklahoma,FC,3,FO,0,3376
18,1991,Spanish,Oklahoma,FC,4,FO,0,3630
18,1991,Spanish,Oklahoma,FC,5,UTC,49,3067
19,1991,Spanish,Oklahoma,Burney,1,BR,34.2,2768
19,1991,Spanish,Oklahoma,Burney,2,BR,37.5,2526
19,1991,Spanish,Oklahoma,Burney,3,FO,16.9,2783
19,1991,Spanish,Oklahoma,Burney,4,UTC,92.5,1845
20,1991,Spanish,Oklahoma,Wet,1,BR,1.8,3575
20,1991,Spanish,Oklahoma,Wet,2,BR,3.3,3612
20,1991,Spanish,Oklahoma,Wet,3,FO,0,4327
20,1991,Spanish,Oklahoma,Wet,4,FO,11.9,3739
20,1991,Spanish,Oklahoma,Wet,5,UTC,75.6,2668
21,1991,Spanish,Oklahoma,Perk,1,BR,0,4174
21,1991,Spanish,Oklahoma,Perk,2,BR,1.2,4356
21,1991,Spanish,Oklahoma,Perk,3,BR,23.5,3684
21,1991,Spanish,Oklahoma,Perk,4,FO,2.7,4211
21,1991,Spanish,Oklahoma,Perk,5,BR,3.3,3811
21,1991,Spanish,Oklahoma,Perk,6,BR,23.3,4065
21,1991,Spanish,Oklahoma,Perk,7,BR,29.4,3993
21,1991,Spanish,Oklahoma,Perk,8,BR,21.7,4047
21,1991,Spanish,Oklahoma,Perk,9,UTC,28.5,4047
22,1992,Spanish,Oklahoma,Perk,1,BR,4.7,4989
22,1992,Spanish,Oklahoma,Perk,2,BR,91.1,3315
22,1992,Spanish,Oklahoma,Perk,3,BR,89.6,3359
22,1992,Spanish,Oklahoma,Perk,4,BR,92.7,3258
22,1992,Spanish,Oklahoma,Perk,5,BR,9.5,4540
22,1992,Spanish,Oklahoma,Perk,6,BR,10.6,4500
22,1992,Spanish,Oklahoma,Perk,7,BR,27.1,4642
22,1992,Spanish,Oklahoma,Perk,8,BR,66.9,3583
22,1992,Spanish,Oklahoma,Perk,9,BR,65.7,3868
22,1992,Spanish,Oklahoma,Perk,10,UTC,89.6,3360
23,1992,Spanish,Oklahoma,Burney,1,UTC,90,2011
23,1992,Spanish,Oklahoma,Burney,2,BR,6,3766
23,1992,Spanish,Oklahoma,Burney,3,BR,43,3569
23,1992,Spanish,Oklahoma,Burney,4,TI,21,3584
23,1992,Spanish,Oklahoma,Burney,5,FO,14,3645
23,1992,Spanish,Oklahoma,Burney,6,TO+D,61,3342
23,1992,Spanish,Oklahoma,Burney,7,BE+D,53,3327
24,1993,Spanish,Oklahoma,NF,1,BR,1,1908
24,1993,Spanish,Oklahoma,NF,2,BR,29,2102
24,1993,Spanish,Oklahoma,NF,3,TI,30,1746
24,1993,Spanish,Oklahoma,NF,4,FO,2,1878
24,1993,Spanish,Oklahoma,NF,5,TER,16,1540
24,1993,Spanish,Oklahoma,NF,6,UTC,76,1707
25,1993,Spanish,Oklahoma,PERK,1,BR,4.4,4102
25,1993,Spanish,Oklahoma,PERK,2,BR,62.9,3528
25,1993,Spanish,Oklahoma,PERK,3,BR,68.6,3325
25,1993,Spanish,Oklahoma,PERK,4,BR,24.8,4101
25,1993,Spanish,Oklahoma,PERK,5,BR,23.8,4066
25,1993,Spanish,Oklahoma,PERK,6,BR,42.7,3862
25,1993,Spanish,Oklahoma,PERK,7,BR,53.3,3645
25,1993,Spanish,Oklahoma,PERK,8,BR,67.1,3260
25,1993,Spanish,Oklahoma,PERK,9,BR,69.2,3470
25,1993,Spanish,Oklahoma,PERK,10,UTC,76.1,3180
26,1994,Spanish,Oklahoma,HC,1,BR,34.6,4238
26,1994,Spanish,Oklahoma,HC,2,TI+BR,59.6,3775
26,1994,Spanish,Oklahoma,HC,3,TI+BR,49.6,4392
26,1994,Spanish,Oklahoma,HC,4,K,47.5,3793
26,1994,Spanish,Oklahoma,HC,5,D+LA,71.3,3457
26,1994,Spanish,Oklahoma,HC,6,FO+BR,43.8,4310
26,1994,Spanish,Oklahoma,HC,7,D+TC,54.2,3857
26,1994,Spanish,Oklahoma,HC,8,UTC,96.7,2777
26,1994,Spanish,Oklahoma,HC,9,FO,63.3,3775
26,1994,Spanish,Oklahoma,HC,10,TI,60.8,4229
27,1994,Spanish,Oklahoma,FARM,1,BR,2.5,3249
27,1994,Spanish,Oklahoma,FARM,2,BR+TI,7.5,3122
27,1994,Spanish,Oklahoma,FARM,3,BR+FO,5.8,3394
27,1994,Spanish,Oklahoma,FARM,4,BR,36,2940
27,1994,Spanish,Oklahoma,FARM,5,TI,28.7,3140
27,1994,Spanish,Oklahoma,FARM,6,TI+SG,25.2,2940
27,1994,Spanish,Oklahoma,FARM,7,TI+BR,24.5,3103
27,1994,Spanish,Oklahoma,FARM,8,TI+BR,26.9,2995
27,1994,Spanish,Oklahoma,FARM,9,FO+BR,9.6,3376
27,1994,Spanish,Oklahoma,FARM,10,FO,12.3,3466
27,1994,Spanish,Oklahoma,FARM,11,FO+BR,28.3,2795
27,1994,Spanish,Oklahoma,FARM,12,UTC,76.4,2505
28,1995,Spanish,Oklahoma,FARM,1,BR+TI,1,1873
28,1995,Spanish,Oklahoma,FARM,2,BR+TI,4.3,1713
28,1995,Spanish,Oklahoma,FARM,3,BR+TI,1.5,1764
28,1995,Spanish,Oklahoma,FARM,4,K,6.5,1888
28,1995,Spanish,Oklahoma,FARM,5,UTC,37.5,1568
28,1995,Spanish,Oklahoma,FARM,6,BR,0.8,1815
28,1995,Spanish,Oklahoma,FARM,7,D+LA,37.5,1648
28,1995,Spanish,Oklahoma,FARM,8,BRU+FO,1,1793
28,1995,Spanish,Oklahoma,FARM,9,BRU,0.3,2055
28,1995,Spanish,Oklahoma,FARM,10,BRU+IB 11924,0.8,1735
28,1995,Spanish,Oklahoma,FARM,11,BRU+IB 12021,1,1750
28,1995,Spanish,Oklahoma,FARM,12,BRU+IB 15831,1,1561
28,1995,Spanish,Oklahoma,FARM,13,BRU+FO,0.5,1706
29,1995,Spanish,Oklahoma,FARM1,1,BR,0,1880
29,1995,Spanish,Oklahoma,FARM1,2,BR,3,1902
29,1995,Spanish,Oklahoma,FARM1,3,BR,0,1989
29,1995,Spanish,Oklahoma,FARM1,4,BR+TI,0,1844
29,1995,Spanish,Oklahoma,FARM1,5,BR+TI,0,1851
29,1995,Spanish,Oklahoma,FARM1,6,TI+BR,0,1815
29,1995,Spanish,Oklahoma,FARM1,7,TI+BR,0,1742
29,1995,Spanish,Oklahoma,FARM1,8,BR+TI,8,1699
29,1995,Spanish,Oklahoma,FARM1,9,BR+TI,0,1989
29,1995,Spanish,Oklahoma,FARM1,10,FO+BR,0,1590
29,1995,Spanish,Oklahoma,FARM1,11,FO+BR,0,1909
29,1995,Spanish,Oklahoma,FARM1,12,UTC,30,1750
30,1995,Spanish,Oklahoma,HC,1,BR,1,3412
30,1995,Spanish,Oklahoma,HC,2,TI+BR,1,3512
30,1995,Spanish,Oklahoma,HC,3,TI+BR,3,3539
30,1995,Spanish,Oklahoma,HC,4,K,30,3112
30,1995,Spanish,Oklahoma,HC,5,D+LA,33.8,3394
30,1995,Spanish,Oklahoma,HC,6,FO+BR,1,3530
30,1995,Spanish,Oklahoma,HC,7,FO+BR,1,3503
30,1995,Spanish,Oklahoma,HC,8,UTC,68.8,3031
30,1995,Spanish,Oklahoma,HC,9,FO+BR,2,3784
30,1995,Spanish,Oklahoma,HC,10,TI+BR,2,3530
32,1996,Spanish,Oklahoma,FARM,1,BR,5,3231
32,1996,Spanish,Oklahoma,FARM,2,BR,49,2780
32,1996,Spanish,Oklahoma,FARM,3,BR,36,2802
32,1996,Spanish,Oklahoma,FARM,4,TB,7,2955
32,1996,Spanish,Oklahoma,FARM,5,TB,29,2976
32,1996,Spanish,Oklahoma,FARM,6,TB,38,2700
32,1996,Spanish,Oklahoma,FARM,7,TB,32,2984
32,1996,Spanish,Oklahoma,FARM,8,TB,3,2926
32,1996,Spanish,Oklahoma,FARM,9,TB,32,2911
32,1996,Spanish,Oklahoma,FARM,10,TB,7,2933
32,1996,Spanish,Oklahoma,FARM,11,TB,31,2693
32,1996,Spanish,Oklahoma,FARM,12,FO+BR,5,3056
32,1996,Spanish,Oklahoma,FARM,13,FO+BR,31,3049
32,1996,Spanish,Oklahoma,FARM,14,UTC,86,1851
33,1997,Spanish,Oklahoma,PERK,1,BR,7.5,3434
33,1997,Spanish,Oklahoma,PERK,2,IB17923,7.5,3492
33,1997,Spanish,Oklahoma,PERK,3,IB17924,12.5,3513
33,1997,Spanish,Oklahoma,PERK,4,BRU,16.3,3325
33,1997,Spanish,Oklahoma,PERK,5,IB10353,16.3,3441
33,1997,Spanish,Oklahoma,PERK,6,MK+FO,52.5,2737
33,1997,Spanish,Oklahoma,PERK,7,TB,6.3,3536
33,1997,Spanish,Oklahoma,PERK,8,BR+AO,2,3818
33,1997,Spanish,Oklahoma,PERK,9,BR+AO,1,3746
33,1997,Spanish,Oklahoma,PERK,10,BR+FO,37.5,3216
33,1997,Spanish,Oklahoma,PERK,11,BR+FO,33.8,3441
33,1997,Spanish,Oklahoma,PERK,12,UTC,91.3,2026
33,1997,Spanish,Oklahoma,PERK,13,MK,75,2904
33,1997,Spanish,Oklahoma,PERK,14,BR+TO,50,3042
33,1997,Spanish,Oklahoma,PERK,15,TO+FO,20,3340
33,1997,Spanish,Oklahoma,PERK,16,EC+FO,25,3332
34,1997,Spanish,Oklahoma,STW,1,BR,5.6,3285
34,1997,Spanish,Oklahoma,STW,2,BR,47.8,2741
34,1997,Spanish,Oklahoma,STW,3,BR,35.5,2850
34,1997,Spanish,Oklahoma,STW,4,TB,2.5,3358
34,1997,Spanish,Oklahoma,STW,5,TB,17.8,3085
34,1997,Spanish,Oklahoma,STW,6,TB,5,3158
34,1997,Spanish,Oklahoma,STW,7,TB,25.3,2977
34,1997,Spanish,Oklahoma,STW,8,FO+BR,7.8,3231
34,1997,Spanish,Oklahoma,STW,9,FO+BR,26,3140
34,1997,Spanish,Oklahoma,STW,10,AO+BR,0.3,3176
34,1997,Spanish,Oklahoma,STW,11,AO+BR,0,3031
34,1997,Spanish,Oklahoma,STW,12,UTC,78.8,2032
35,1997,Spanish,Oklahoma,CRS,1,BR,2,3057
35,1997,Spanish,Oklahoma,CRS,2,TB,2,2613
35,1997,Spanish,Oklahoma,CRS,3,TB,28.8,2497
35,1997,Spanish,Oklahoma,CRS,4,BR+FO,6.3,2643
35,1997,Spanish,Oklahoma,CRS,5,BR+FO,5.3,2730
35,1997,Spanish,Oklahoma,CRS,6,EC+FO,9,2744
35,1997,Spanish,Oklahoma,CRS,7,BR+AO,4.3,2541
35,1997,Spanish,Oklahoma,CRS,8,BR+AO,16.3,2534
35,1997,Spanish,Oklahoma,CRS,9,BR+A,2,2875
35,1997,Spanish,Oklahoma,CRS,10,BR+A,1,2969
35,1997,Spanish,Oklahoma,CRS,11,MK+FO,5.5,2751
35,1997,Spanish,Oklahoma,CRS,12,MK,28.8,2592
35,1997,Spanish,Oklahoma,CRS,13,UTC,87.5,1873
37,1998,Spanish,Oklahoma,PERK1,1,BRU,1,4320
37,1998,Spanish,Oklahoma,PERK1,2,BAS500-00+BRU,2.3,4770
37,1998,Spanish,Oklahoma,PERK1,3,BAS500-00+BRU,1.3,4654
37,1998,Spanish,Oklahoma,PERK1,4,BAS500-00+BRU,1,4959
37,1998,Spanish,Oklahoma,PERK1,5,BAS500-01+BRU,1.3,5256
37,1998,Spanish,Oklahoma,PERK1,6,BAS500-01+BRU,1,4792
37,1998,Spanish,Oklahoma,PERK1,7,BAS500-01+BRU,1,4872
37,1998,Spanish,Oklahoma,PERK1,8,BRU+FO,11.3,4646
37,1998,Spanish,Oklahoma,PERK1,9,UTC,77.5,3456
37,1998,Spanish,Oklahoma,PERK1,10,BRU+A,27.5,4922
38,1998,Spanish,Oklahoma,STW,1,BR,0,3942
38,1998,Spanish,Oklahoma,STW,2,TB,0,4145
38,1998,Spanish,Oklahoma,STW,3,BR,6,4022
38,1998,Spanish,Oklahoma,STW,4,TB,4,4109
38,1998,Spanish,Oklahoma,STW,5,BR,2,3913
38,1998,Spanish,Oklahoma,STW,6,TB,1,3942
38,1998,Spanish,Oklahoma,STW,7,BR,3,3804
38,1998,Spanish,Oklahoma,STW,8,TB,3,3884
38,1998,Spanish,Oklahoma,STW,9,BR,2,4051
38,1998,Spanish,Oklahoma,STW,10,BR,0,4066
38,1998,Spanish,Oklahoma,STW,11,TB,2,3986
38,1998,Spanish,Oklahoma,STW,12,UTC,61,3383
39,2001,Spanish,Oklahoma,PERK,1,BR,0,3063
39,2001,Spanish,Oklahoma,PERK,2,BRU,1.8,3412
39,2001,Spanish,Oklahoma,PERK,3,BR/FO,3.8,2875
39,2001,Spanish,Oklahoma,PERK,4,BRU/A,2.5,3260
39,2001,Spanish,Oklahoma,PERK,5,QRD137+K,25,3129
39,2001,Spanish,Oklahoma,PERK,6,ST,3.8,3724
39,2001,Spanish,Oklahoma,PERK,7,ST/FO/BRU,5,3376
39,2001,Spanish,Oklahoma,PERK,8,BRU/FO/ST,6.3,3753
39,2001,Spanish,Oklahoma,PERK,9,BR/H,0,3674
39,2001,Spanish,Oklahoma,PERK,10,BR/H,0.5,3979
39,2001,Spanish,Oklahoma,PERK,11,BR/H,0,3347
39,2001,Spanish,Oklahoma,PERK,12,BR/BAS510,1.8,3165
39,2001,Spanish,Oklahoma,PERK,13,D,23.8,3209
39,2001,Spanish,Oklahoma,PERK,14,TB,11.3,2962
39,2001,Spanish,Oklahoma,PERK,15,TB,0.5,3340
39,2001,Spanish,Oklahoma,PERK,16,TB,22.5,2882
39,2001,Spanish,Oklahoma,PERK,17,UTC,61.3,2890
39,2001,Spanish,Oklahoma,PERK,18,QRD137+K/FO,25,3514
39,2001,Spanish,Oklahoma,PERK,19,QRD137,63.8,2933
40,2003,Spanish,Oklahoma,BC,1,BR,0,2788
40,2003,Spanish,Oklahoma,BC,2,BR/FO,44,2730
40,2003,Spanish,Oklahoma,BC,3,BR/JAU6476,1,2657
40,2003,Spanish,Oklahoma,BC,4,TB/A,2,2795
40,2003,Spanish,Oklahoma,BC,5,ST,5,2621
40,2003,Spanish,Oklahoma,BC,6,H/FO/BR,5,2628
40,2003,Spanish,Oklahoma,BC,7,BR/H,0,2592
40,2003,Spanish,Oklahoma,BC,8,H/FO,9,2752
40,2003,Spanish,Oklahoma,BC,9,H,11,2817
40,2003,Spanish,Oklahoma,BC,10,TB,4,2534
40,2003,Spanish,Oklahoma,BC,11,TB/H,16,2548
40,2003,Spanish,Oklahoma,BC,12,UTC,77,2592
42,2005,Spanish,Oklahoma,PERK,1,UTC,97.5,2134
42,2005,Spanish,Oklahoma,PERK,2,V10116,77.1,3180
42,2005,Spanish,Oklahoma,PERK,3,V10116,64.6,3325
42,2005,Spanish,Oklahoma,PERK,4,BRU/A,66.2,3463
42,2005,Spanish,Oklahoma,PERK,5,BRU/TI,64.6,3100
42,2005,Spanish,Oklahoma,PERK,6,BRU,53.3,3318
42,2005,Spanish,Oklahoma,PERK,7,TB,52.5,3151
42,2005,Spanish,Oklahoma,PERK,8,BRU/FO,72.5,2956
42,2005,Spanish,Oklahoma,PERK,9,BRU/BAYHWG1608,74.6,3049
42,2005,Spanish,Oklahoma,PERK,10,BRU/FO,72.9,3383
42,2005,Spanish,Oklahoma,PERK,11,BRU/BAYHWG1608,53.3,3245
42,2005,Spanish,Oklahoma,PERK,12,BRU/FO,51.6,3477
42,2005,Spanish,Oklahoma,PERK,13,BRU/FO/JAU6476,27.5,3456
42,2005,Spanish,Oklahoma,PERK,14,BRU/JAU6476,23.3,3332
42,2005,Spanish,Oklahoma,PERK,15,TB/H,23.7,3761
42,2005,Spanish,Oklahoma,PERK,16,TB/H,58.7,3703
43,2007,Spanish,Oklahoma,CRS,1,UTC,62.1,2604
43,2007,Spanish,Oklahoma,CRS,2,BR,0,2559
43,2007,Spanish,Oklahoma,CRS,3,TB,0,2450
43,2007,Spanish,Oklahoma,CRS,4,TB/TB+O,6.7,2341
43,2007,Spanish,Oklahoma,CRS,5,BR/E,1.3,2505
43,2007,Spanish,Oklahoma,CRS,6,EC/PR,0,2641
43,2007,Spanish,Oklahoma,CRS,7,BR/EV,2.9,2704
43,2007,Spanish,Oklahoma,CRS,8,V10116/H/BR,0.8,2840
43,2007,Spanish,Oklahoma,CRS,9,V10116/H/BR,0,2904
43,2007,Spanish,Oklahoma,CRS,10,V10116/H/BR,0,2813
43,2007,Spanish,Oklahoma,CRS,11,V10116/H/BR,0,2423
43,2007,Spanish,Oklahoma,CRS,12,FO/H/BR,0,3040
43,2007,Spanish,Oklahoma,CRS,13,LE,0,2777
43,2007,Spanish,Oklahoma,CRS,14,LE,3.1,2668
43,2007,Spanish,Oklahoma,CRS,15,PU+LE,0,2977
44,2008,Spanish,Oklahoma,CRS,1,UTC,57.5,2882
44,2008,Spanish,Oklahoma,CRS,2,BR,0,3369
44,2008,Spanish,Oklahoma,CRS,3,BR/TG,0,3477
44,2008,Spanish,Oklahoma,CRS,4,BR/TG,0,3507
44,2008,Spanish,Oklahoma,CRS,5,BR/TG,0,3521
44,2008,Spanish,Oklahoma,CRS,6,BR/TG,0,3528
44,2008,Spanish,Oklahoma,CRS,7,BR/BR+TG,0,3543
44,2008,Spanish,Oklahoma,CRS,8,BR/FO,0.8,3543
44,2008,Spanish,Oklahoma,CRS,9,BR/H,0,3768
44,2008,Spanish,Oklahoma,CRS,10,EC/PR,0,3557
45,2008,Spanish,Oklahoma,CRS1,1,UTC,74.6,3238
45,2008,Spanish,Oklahoma,CRS1,2,BR,0,3811
45,2008,Spanish,Oklahoma,CRS1,3,TB,1.2,3543
45,2008,Spanish,Oklahoma,CRS1,4,PU+LE,0,4037
45,2008,Spanish,Oklahoma,CRS1,5,EC/FO,4.6,3782
45,2008,Spanish,Oklahoma,CRS1,6,BR/H,0,3935
45,2008,Spanish,Oklahoma,CRS1,7,BR/PU,0,3456
45,2008,Spanish,Oklahoma,CRS1,8,H/TB,2.5,4131
45,2008,Spanish,Oklahoma,CRS1,9,TB,12.1,3659
45,2008,Spanish,Oklahoma,CRS1,10,H/TB,1.7,3579
46,2009,Spanish,Oklahoma,CRS,1,UTC,70,3557
46,2009,Spanish,Oklahoma,CRS,2,BR,0,4240
46,2009,Spanish,Oklahoma,CRS,3,BR/TG,0,3724
46,2009,Spanish,Oklahoma,CRS,4,BR/TG,0,3855
46,2009,Spanish,Oklahoma,CRS,5,BR/TG,0,3855
46,2009,Spanish,Oklahoma,CRS,6,BR/TG,0,3623
46,2009,Spanish,Oklahoma,CRS,7,BR/BR+TG,0,3782
46,2009,Spanish,Oklahoma,CRS,8,BR/FO,0,3891
46,2009,Spanish,Oklahoma,CRS,9,PO/BR/PR,0,3920
46,2009,Spanish,Oklahoma,CRS,10,BR/PR,0,4116
47,2009,Spanish,Oklahoma,CRS1,1,UTC,66.6,3768
47,2009,Spanish,Oklahoma,CRS1,2,BR,0,3855
47,2009,Spanish,Oklahoma,CRS1,3,BR/H,0.8,4283
47,2009,Spanish,Oklahoma,CRS1,4,BR/DPXYT669,1.2,3819
47,2009,Spanish,Oklahoma,CRS1,5,BR/DPXQ8Y78,0,4051
47,2009,Spanish,Oklahoma,CRS1,6,BR/EL,7.9,3811
47,2009,Spanish,Oklahoma,CRS1,7,EM,1.7,4087
47,2009,Spanish,Oklahoma,CRS1,8,EM,7.1,3833
47,2009,Spanish,Oklahoma,CRS1,9,H/TB,13.3,4334
47,2009,Spanish,Oklahoma,CRS1,10,H/TB,7.1,4378
48,2010,Spanish,Oklahoma,CRS,1,UTC,42.9,3891
48,2010,Spanish,Oklahoma,CRS,2,BR,7.1,4007
48,2010,Spanish,Oklahoma,CRS,3,BR/TG,16.6,3819
48,2010,Spanish,Oklahoma,CRS,4,BR/TG,14.2,3935
48,2010,Spanish,Oklahoma,CRS,5,BR/TG,10.8,4116
48,2010,Spanish,Oklahoma,CRS,6,BR/TG,9.1,4087
48,2010,Spanish,Oklahoma,CRS,7,BR/BR+TG,9.1,4203
48,2010,Spanish,Oklahoma,CRS,8,BR/FO,11.6,4262
48,2010,Spanish,Oklahoma,CRS,9,BR/PR,6.6,4501
48,2010,Spanish,Oklahoma,CRS,10,BR+FO,23.7,4189
49,2010,Spanish,Oklahoma,CRS1,1,UTC,71.2,2802
49,2010,Spanish,Oklahoma,CRS1,2,BR,13.3,4457
49,2010,Spanish,Oklahoma,CRS1,3,DPXLEM17,20.8,4007
49,2010,Spanish,Oklahoma,CRS1,4,DPXYT669,17.9,3928
49,2010,Spanish,Oklahoma,CRS1,5,DPXYT669,5,3906
49,2010,Spanish,Oklahoma,CRS1,6,DPXQ8Y78,10.4,4174
49,2010,Spanish,Oklahoma,CRS1,7,H/DPXLEM17/BR,3.7,4421
49,2010,Spanish,Oklahoma,CRS1,8,DPXQFA61/PR/BR,7.1,3978
49,2010,Spanish,Oklahoma,CRS1,9,H/PR/BR,1.7,4777
49,2010,Spanish,Oklahoma,CRS1,10,BR+FO,16.7,3891
50,2013,Spanish,Oklahoma,CRS,1,TB,0.4,3078
50,2013,Spanish,Oklahoma,CRS,2,BR/FO,8.7,3405
50,2013,Spanish,Oklahoma,CRS,3,TB/H,10,2882
50,2013,Spanish,Oklahoma,CRS,4,TB/H,11.3,3187
50,2013,Spanish,Oklahoma,CRS,5,TB/H,27.5,3216
50,2013,Spanish,Oklahoma,CRS,6,BR+FO,13.7,3659
50,2013,Spanish,Oklahoma,CRS,7,BR+FO,40.8,2802
50,2013,Spanish,Oklahoma,CRS,8,TB/PR,22.5,3267
50,2013,Spanish,Oklahoma,CRS,9,TB/PR,32.9,2948
50,2013,Spanish,Oklahoma,CRS,10,UTC,82.1,2251
52,2014,Spanish,Oklahoma,CRS1,1,BR/H,20.4,4020
52,2014,Spanish,Oklahoma,CRS1,2,VL/BR/H,20,4229
52,2014,Spanish,Oklahoma,CRS1,3,VL+A/BR/A,27.9,4265
52,2014,Spanish,Oklahoma,CRS1,4,VL+P/BR/P,27.5,4792
52,2014,Spanish,Oklahoma,CRS1,5,VL+P/BR/P,22.9,4937
52,2014,Spanish,Oklahoma,CRS1,6,BR/P,18.7,4002
52,2014,Spanish,Oklahoma,CRS1,7,BR/H/P,18.7,4038
52,2014,Spanish,Oklahoma,CRS1,8,BR/H/A,27.9,4447
52,2014,Spanish,Oklahoma,CRS1,9,BR/A,36.2,4419
52,2014,Spanish,Oklahoma,CRS1,10,UTC,71.7,3122
54,2015,Spanish,Oklahoma,CRS1,1,BR/PR,0.2,3144
54,2015,Spanish,Oklahoma,CRS1,2,BR/PS,0,3369
54,2015,Spanish,Oklahoma,CRS1,3,PS/A/BR,0,3507
54,2015,Spanish,Oklahoma,CRS1,4,BR/C,0.4,3318
54,2015,Spanish,Oklahoma,CRS1,5,BR/P,0.4,3485
54,2015,Spanish,Oklahoma,CRS1,6,BR/FO,2.5,3238
54,2015,Spanish,Oklahoma,CRS1,7,BR/A,1.2,3514
54,2015,Spanish,Oklahoma,CRS1,8,BR/FT,2.5,3412
54,2015,Spanish,Oklahoma,CRS1,9,BR,1.7,3268
54,2015,Spanish,Oklahoma,CRS1,10,UTC,65,2287
55,2016,Spanish,Oklahoma,CRS,1,BR/FO,13.7,4385
55,2016,Spanish,Oklahoma,CRS,2,BR+FO,26.2,4341
55,2016,Spanish,Oklahoma,CRS,3,BR+FO,53.3,4095
55,2016,Spanish,Oklahoma,CRS,4,AO/H,0,4283
55,2016,Spanish,Oklahoma,CRS,5,AO/H,52.5,4131
55,2016,Spanish,Oklahoma,CRS,6,AO/H,35.8,4320
55,2016,Spanish,Oklahoma,CRS,7,AP+AO/FT/BR,10,4247
55,2016,Spanish,Oklahoma,CRS,8,APP/FT/BR,7.1,4080
55,2016,Spanish,Oklahoma,CRS,9,P/ET/BR,0.4,4472
55,2016,Spanish,Oklahoma,CRS,10,UTC,97.5,2512
56,2016,Spanish,Oklahoma,CRS1,1,AO+BR/ET/BR,0,4697
56,2016,Spanish,Oklahoma,CRS1,2,ET/BR,0.4,5126
56,2016,Spanish,Oklahoma,CRS1,3,AO+BR/ET/O+BR/BR,0,4755
56,2016,Spanish,Oklahoma,CRS1,4,BR/PR,0,4421
56,2016,Spanish,Oklahoma,CRS1,5,ET+A19649/BR,0,4777
56,2016,Spanish,Oklahoma,CRS1,6,BR/AO+BR/ET+A19649/BR,0,4763
56,2016,Spanish,Oklahoma,CRS1,7,BR/P/FO,0,4588
56,2016,Spanish,Oklahoma,CRS1,8,BR/FO,12.5,4530
56,2016,Spanish,Oklahoma,CRS1,9,BR,2.1,4421
56,2016,Spanish,Oklahoma,CRS1,10,UTC,85,3666
57,2017,Spanish,Oklahoma,OK,1,BR/FO,79.1,3630
57,2017,Spanish,Oklahoma,OK,2,BR+FO,76.7,4058
57,2017,Spanish,Oklahoma,OK,3,BR+FO,63.3,3840
57,2017,Spanish,Oklahoma,OK,4,H/AO,80,3811
57,2017,Spanish,Oklahoma,OK,5,H/AO,86.2,3928
57,2017,Spanish,Oklahoma,OK,6,H/AO,80,3703
57,2017,Spanish,Oklahoma,OK,7,M/AO,10,4174
57,2017,Spanish,Oklahoma,OK,8,M/AO,18.3,3935
57,2017,Spanish,Oklahoma,OK,9,M/AO,23.3,4196
57,2017,Spanish,Oklahoma,OK,10,UTC,100,2585
58,2018,Spanish,Oklahoma,OK,1,UTC,100,2425
58,2018,Spanish,Oklahoma,OK,2,TREATMENT,34,4966
58,2018,Spanish,Oklahoma,OK,3,TREATMENT,54.1,5336
58,2018,Spanish,Oklahoma,OK,4,TREATMENT,26.6,5474
58,2018,Spanish,Oklahoma,OK,5,TREATMENT,44.5,4334
58,2018,Spanish,Oklahoma,OK,6,TREATMENT,63.3,4603
58,2018,Spanish,Oklahoma,OK,7,TREATMENT,56.6,4864
58,2018,Spanish,Oklahoma,OK,8,TREATMENT,17.4,5205
58,2018,Spanish,Oklahoma,OK,9,TREATMENT,38.7,4080
58,2018,Spanish,Oklahoma,OK,10,TREATMENT,27,3906
59,2018,Spanish,Oklahoma,OK,1,UTC,100,1752
59,2018,Spanish,Oklahoma,OK,2,TREATMENT,93.3,3456
59,2018,Spanish,Oklahoma,OK,3,TREATMENT,0,3204
59,2018,Spanish,Oklahoma,OK,4,TREATMENT,23.3,3824
63,2019,Spanish,Oklahoma,OK,1,UTC,47.5,3412
63,2019,Spanish,Oklahoma,OK,2,TREATMENT,0,4334
63,2019,Spanish,Oklahoma,OK,3,TREATMENT,0,3906
63,2019,Spanish,Oklahoma,OK,4,TREATMENT,0,3920
63,2019,Spanish,Oklahoma,OK,5,TREATMENT,0.4,4000
63,2019,Spanish,Oklahoma,OK,6,TREATMENT,0,4051
63,2019,Spanish,Oklahoma,OK,7,TREATMENT,0,4022
63,2019,Spanish,Oklahoma,OK,8,TREATMENT,0,3884
63,2019,Spanish,Oklahoma,OK,9,TREATMENT,1.3,3870
63,2019,Spanish,Oklahoma,OK,10,TREATMENT,4.6,3855
64,2019,Spanish,Oklahoma,OK,1,UTC,47.5,2686
64,2019,Spanish,Oklahoma,OK,2,TREATMENT,0.8,3194
64,2019,Spanish,Oklahoma,OK,3,TREATMENT,0,3906
64,2019,Spanish,Oklahoma,OK,4,TREATMENT,1.7,3812
64,2019,Spanish,Oklahoma,OK,5,TREATMENT,0,3753
64,2019,Spanish,Oklahoma,OK,6,TREATMENT,0,3782
64,2019,Spanish,Oklahoma,OK,7,TREATMENT,0,3311
64,2019,Spanish,Oklahoma,OK,8,TREATMENT,0,3746
64,2019,Spanish,Oklahoma,OK,9,TREATMENT,0,3862
64,2019,Spanish,Oklahoma,OK,10,TREATMENT,8.4,3376
65,2019,Spanish,Oklahoma,OK,1,UTC,72.5,2657
65,2019,Spanish,Oklahoma,OK,2,TREATMENT,0.8,3390
65,2019,Spanish,Oklahoma,OK,3,TREATMENT,0.4,3811
65,2019,Spanish,Oklahoma,OK,4,TREATMENT,0,3492
65,2019,Spanish,Oklahoma,OK,5,TREATMENT,0.8,3521
65,2019,Spanish,Oklahoma,OK,6,TREATMENT,0.4,3550
65,2019,Spanish,Oklahoma,OK,7,TREATMENT,0,3311
65,2019,Spanish,Oklahoma,OK,8,TREATMENT,0.8,3615
65,2019,Spanish,Oklahoma,OK,9,TREATMENT,22.1,3340
65,2019,Spanish,Oklahoma,OK,10,TREATMENT,1.7,3550
65,2019,Spanish,Oklahoma,OK,11,TREATMENT,4.6,3478
65,2019,Spanish,Oklahoma,OK,12,TREATMENT,11.6,3303
65,2019,Spanish,Oklahoma,OK,13,TREATMENT,1.7,3419
66,2019,Spanish,Oklahoma,OK,1,UTC,76.6,2715
66,2019,Spanish,Oklahoma,OK,2,TREATMENT,6.6,3507
66,2019,Spanish,Oklahoma,OK,3,TREATMENT,5.9,3441
66,2019,Spanish,Oklahoma,OK,4,TREATMENT,0,3681
66,2019,Spanish,Oklahoma,OK,5,TREATMENT,0,3811
66,2019,Spanish,Oklahoma,OK,6,TREATMENT,0,3746
66,2019,Spanish,Oklahoma,OK,7,TREATMENT,0.4,3761
66,2019,Spanish,Oklahoma,OK,8,TREATMENT,0.4,3957
66,2019,Spanish,Oklahoma,OK,9,TREATMENT,1.2,3950
66,2019,Spanish,Oklahoma,OK,10,TREATMENT,9.6,3180
66,2019,Spanish,Oklahoma,OK,11,TREATMENT,9.2,3862
66,2019,Spanish,Oklahoma,OK,12,TREATMENT,12.9,3855
67,2020,Spanish,Oklahoma,OK,1,UTC,28,3659
67,2020,Spanish,Oklahoma,OK,2,TREATMENT,0,4530
67,2020,Spanish,Oklahoma,OK,3,TREATMENT,0,4719
67,2020,Spanish,Oklahoma,OK,4,TREATMENT,0,4617
67,2020,Spanish,Oklahoma,OK,5,TREATMENT,0,4603
67,2020,Spanish,Oklahoma,OK,6,TREATMENT,0,5169
67,2020,Spanish,Oklahoma,OK,7,TREATMENT,0,5387
67,2020,Spanish,Oklahoma,OK,8,TREATMENT,0,5140
67,2020,Spanish,Oklahoma,OK,9,TREATMENT,0,4850
67,2020,Spanish,Oklahoma,OK,10,TREATMENT,0,4922
67,2020,Spanish,Oklahoma,OK,11,TREATMENT,0,4298
68,2021,Spanish,Oklahoma,,1,UTC,75,2870
68,2021,Spanish,Oklahoma,,2,TREATMENT,10,4110
68,2021,Spanish,Oklahoma,,3,TREATMENT,15,3990
68,2021,Spanish,Oklahoma,,4,TREATMENT,14,4080
68,2021,Spanish,Oklahoma,,5,TREATMENT,10,2940
68,2021,Spanish,Oklahoma,,6,TREATMENT,55,3540
69,2021,Spanish,Oklahoma,,1,UTC,75,2590
69,2021,Spanish,Oklahoma,,2,TREATMENT,26,3610
69,2021,Spanish,Oklahoma,,3,TREATMENT,8,3640
69,2021,Spanish,Oklahoma,,4,TREATMENT,58,3620
69,2021,Spanish,Oklahoma,,5,TREATMENT,30,3260
69,2021,Spanish,Oklahoma,,6,TREATMENT,23,3430
70,2023,Spanish,Oklahoma,Fort Cobb,1,UTC,31.2,4959
70,2023,Spanish,Oklahoma,Fort Cobb,2,TREATMENT,3.25,5612
70,2023,Spanish,Oklahoma,Fort Cobb,3,TREATMENT,11,5372
70,2023,Spanish,Oklahoma,Fort Cobb,4,TREATMENT,3.5,5300
70,2023,Spanish,Oklahoma,Fort Cobb,5,TREATMENT,2.75,5053
70,2023,Spanish,Oklahoma,Fort Cobb,6,TREATMENT,1.37,5467
70,2023,Spanish,Oklahoma,Fort Cobb,7,TREATMENT,1.75,5351
70,2023,Spanish,Oklahoma,Fort Cobb,8,TREATMENT,2,5460
70,2023,Spanish,Oklahoma,Fort Cobb,9,TREATMENT,4.75,5184
71,2023,Spanish,Oklahoma,Fort Cobb,1,UTC,31.2,4959
71,2023,Spanish,Oklahoma,Fort Cobb,2,TREATMENT,3.2,5365
71,2023,Spanish,Oklahoma,Fort Cobb,3,TREATMENT,3.7,5416
71,2023,Spanish,Oklahoma,Fort Cobb,4,TREATMENT,2.7,5249
72,2023,Spanish,Oklahoma,Fort Cobb,1,UTC,31.25,4959
72,2023,Spanish,Oklahoma,Fort Cobb,2,TREATMENT,9.75,4966
72,2023,Spanish,Oklahoma,Fort Cobb,3,TREATMENT,6.75,5278
72,2023,Spanish,Oklahoma,Fort Cobb,4,TREATMENT,1.25,5191
72,2023,Spanish,Oklahoma,Fort Cobb,5,TREATMENT,7.75,5445
72,2023,Spanish,Oklahoma,Fort Cobb,6,TREATMENT,10,5191
72,2023,Spanish,Oklahoma,Fort Cobb,7,TREATMENT,13.5,5104
